,Product,Mean,Median,Std
0,Monitor,488.31,466.0,278.60626048931204
1,Mouse,488.31,466.0,278.60626048931204
2,Headphones,488.31,466.0,278.60626048931204
3,Tablet,488.31,466.0,278.60626048931204
4,Smartphone,488.31,466.0,278.60626048931204
5,Keyboard,488.31,466.0,278.60626048931204
6,Laptop,488.31,466.0,278.60626048931204
